run_id,artifact_type,relative_path,size_bytes,mtime_utc
11A17BE7/45F6A927-9C6,AffordabilityReports,11A17BE7/45F6A927-9C6/AffordabilityReports/8d300968-660b-4e69-9de4-89489ae97e16.json,509925,2025-11-26T22:16:34+00:00
11A17BE7/45F6A927-9C6,CreditAssessment,11A17BE7/45F6A927-9C6/CreditAssessment/account_conduct_20251126_221639.json,11145,2025-11-26T22:16:40+00:00
11A17BE7/45F6A927-9C6,CreditAssessment,11A17BE7/45F6A927-9C6/CreditAssessment/final_decision_20251126_221721.json,1714,2025-11-26T22:17:22+00:00
11A17BE7/45F6A927-9C6,CreditAssessment,11A17BE7/45F6A927-9C6/CreditAssessment/final_decision_20251126_221741.json,1714,2025-11-26T22:17:43+00:00
11A17BE7/45F6A927-9C6,CreditAssessment,11A17BE7/45F6A927-9C6/CreditAssessment/final_decision_20251126_221808.json,1714,2025-11-26T22:18:09+00:00
11A17BE7/45F6A927-9C6,CreditAssessment,11A17BE7/45F6A927-9C6/CreditAssessment/serviceability_20251126_221645.json,1921,2025-11-26T22:16:46+00:00
11A17BE7/45F6A927-9C6,LoanAgreement,11A17BE7/45F6A927-9C6/LoanAgreement/billie_loan_agreement_20251126_221723.html,33871,2025-11-26T22:17:24+00:00
11A17BE7/45F6A927-9C6,StatementCapture/retrieve-accounts,11A17BE7/45F6A927-9C6/StatementCapture/retrieve-accounts_323d665f-2dc8-46d5-9b3f-06d6376628d6_b0ce79fb.json,20512,2025-11-26T22:16:04+00:00
11A17BE7/45F6A927-9C6,StatementCapture/retrieve-transactions,11A17BE7/45F6A927-9C6/StatementCapture/retrieve-transactions_323d665f-2dc8-46d5-9b3f-06d6376628d6_bd2e12a2.json,405303,2025-11-26T22:16:05+00:00
11A17BE7/45F6A927-9C6,StatementCapture/retrieve-transactions,11A17BE7/45F6A927-9C6/StatementCapture/retrieve-transactions_323d665f-2dc8-46d5-9b3f-06d6376628d6_cfa63d28.json,623633,2025-11-26T22:16:05+00:00
11A17BE7/45F6A927-9C6,StatementCapture/verify-credentials,11A17BE7/45F6A927-9C6/StatementCapture/verify-credentials_323d665f-2dc8-46d5-9b3f-06d6376628d6_4c9c4ef4.json,4678,2025-11-26T22:16:04+00:00
1473B58A/EC100340-C28,AffordabilityReports,1473B58A/EC100340-C28/AffordabilityReports/4b7a8c9c-c6fa-4c50-853c-1f593141fe91.json,296581,2025-08-14T22:38:01+00:00
1473B58A/EC100340-C28,CreditAssessment,1473B58A/EC100340-C28/CreditAssessment/account_conduct_20250814_223802.json,11145,2025-08-14T22:38:03+00:00
1473B58A/EC100340-C28,CreditAssessment,1473B58A/EC100340-C28/CreditAssessment/final_decision_20250814_223923.json,1714,2025-08-14T22:39:24+00:00
1473B58A/EC100340-C28,CreditAssessment,1473B58A/EC100340-C28/CreditAssessment/final_decision_20250814_223939.json,1714,2025-08-14T22:39:40+00:00
1473B58A/EC100340-C28,CreditAssessment,1473B58A/EC100340-C28/CreditAssessment/final_decision_20250814_224015.json,1714,2025-08-14T22:40:17+00:00
1473B58A/EC100340-C28,CreditAssessment,1473B58A/EC100340-C28/CreditAssessment/serviceability_20250814_223802.json,1921,2025-08-14T22:38:03+00:00
1473B58A/EC100340-C28,LoanAgreement,1473B58A/EC100340-C28/LoanAgreement/billie_loan_agreement_20250814_223923.html,33993,2025-08-14T22:39:24+00:00
1473B58A/EC100340-C28,StatementCapture/retrieve-accounts,1473B58A/EC100340-C28/StatementCapture/retrieve-accounts_918218f1-c9af-42e3-afb4-dabc31fdd832_1dd6fe05.json,20511,2025-08-14T22:37:46+00:00
1473B58A/EC100340-C28,StatementCapture/retrieve-transactions,1473B58A/EC100340-C28/StatementCapture/retrieve-transactions_918218f1-c9af-42e3-afb4-dabc31fdd832_9a7e910b.json,378953,2025-08-14T22:37:47+00:00
1473B58A/EC100340-C28,StatementCapture/verify-credentials,1473B58A/EC100340-C28/StatementCapture/verify-credentials_918218f1-c9af-42e3-afb4-dabc31fdd832_13bda6b9.json,4680,2025-08-14T22:37:46+00:00
16E6A01F/2435699F-379,AffordabilityReports,16E6A01F/2435699F-379/AffordabilityReports/65b1e71e-9dd8-4380-af70-800f1c3220cc.json,509925,2025-11-26T02:32:41+00:00
16E6A01F/2435699F-379,CreditAssessment,16E6A01F/2435699F-379/CreditAssessment/account_conduct_20251126_023243.json,11145,2025-11-26T02:32:44+00:00
16E6A01F/2435699F-379,CreditAssessment,16E6A01F/2435699F-379/CreditAssessment/final_decision_20251126_023253.json,1714,2025-11-26T02:32:54+00:00
16E6A01F/2435699F-379,CreditAssessment,16E6A01F/2435699F-379/CreditAssessment/final_decision_20251126_023303.json,1714,2025-11-26T02:33:04+00:00
16E6A01F/2435699F-379,CreditAssessment,16E6A01F/2435699F-379/CreditAssessment/final_decision_20251126_023319.json,1714,2025-11-26T02:33:20+00:00
16E6A01F/2435699F-379,CreditAssessment,16E6A01F/2435699F-379/CreditAssessment/serviceability_20251126_023243.json,1931,2025-11-26T02:32:45+00:00
16E6A01F/2435699F-379,LoanAgreement,16E6A01F/2435699F-379/LoanAgreement/billie_loan_agreement_20251126_023254.html,33789,2025-11-26T02:32:55+00:00
16E6A01F/2435699F-379,StatementCapture/retrieve-accounts,16E6A01F/2435699F-379/StatementCapture/retrieve-accounts_2841ac39-c7a4-48ec-89d0-8c0abbb633df_497e57ea.json,20512,2025-11-26T02:32:15+00:00
16E6A01F/2435699F-379,StatementCapture/retrieve-transactions,16E6A01F/2435699F-379/StatementCapture/retrieve-transactions_2841ac39-c7a4-48ec-89d0-8c0abbb633df_032fad3f.json,406727,2025-11-26T02:32:16+00:00
16E6A01F/2435699F-379,StatementCapture/retrieve-transactions,16E6A01F/2435699F-379/StatementCapture/retrieve-transactions_2841ac39-c7a4-48ec-89d0-8c0abbb633df_26ac007c.json,614868,2025-11-26T02:32:16+00:00
16E6A01F/2435699F-379,StatementCapture/verify-credentials,16E6A01F/2435699F-379/StatementCapture/verify-credentials_2841ac39-c7a4-48ec-89d0-8c0abbb633df_2bc0abda.json,4678,2025-11-26T02:32:15+00:00
1D2FD387/59125F12-49F,AffordabilityReports,1D2FD387/59125F12-49F/AffordabilityReports/d02a6cb6-b583-4097-addd-5d6feacbdea7.json,453060,2025-09-09T12:06:54+00:00
1D2FD387/59125F12-49F,CreditAssessment,1D2FD387/59125F12-49F/CreditAssessment/account_conduct_20250909_120656.json,11143,2025-09-09T12:06:57+00:00
1D2FD387/59125F12-49F,CreditAssessment,1D2FD387/59125F12-49F/CreditAssessment/final_decision_20250909_120736.json,1714,2025-09-09T12:07:37+00:00
1D2FD387/59125F12-49F,CreditAssessment,1D2FD387/59125F12-49F/CreditAssessment/final_decision_20250909_120749.json,1714,2025-09-09T12:07:50+00:00
1D2FD387/59125F12-49F,CreditAssessment,1D2FD387/59125F12-49F/CreditAssessment/final_decision_20250909_120808.json,1714,2025-09-09T12:08:10+00:00
1D2FD387/59125F12-49F,CreditAssessment,1D2FD387/59125F12-49F/CreditAssessment/serviceability_20250909_120659.json,1920,2025-09-09T12:07:00+00:00
1D2FD387/59125F12-49F,LoanAgreement,1D2FD387/59125F12-49F/LoanAgreement/billie_loan_agreement_20250909_120737.html,33790,2025-09-09T12:07:38+00:00
1D2FD387/59125F12-49F,StatementCapture/retrieve-accounts,1D2FD387/59125F12-49F/StatementCapture/retrieve-accounts_d2b490f3-4a7b-48e8-a27c-7475e1179773_8894b626.json,20507,2025-09-09T12:06:33+00:00
1D2FD387/59125F12-49F,StatementCapture/retrieve-transactions,1D2FD387/59125F12-49F/StatementCapture/retrieve-transactions_d2b490f3-4a7b-48e8-a27c-7475e1179773_07556f2d.json,203352,2025-09-09T12:06:35+00:00
1D2FD387/59125F12-49F,StatementCapture/retrieve-transactions,1D2FD387/59125F12-49F/StatementCapture/retrieve-transactions_d2b490f3-4a7b-48e8-a27c-7475e1179773_eabcc5b9.json,616879,2025-09-09T12:06:34+00:00
1D2FD387/59125F12-49F,StatementCapture/verify-credentials,1D2FD387/59125F12-49F/StatementCapture/verify-credentials_d2b490f3-4a7b-48e8-a27c-7475e1179773_e5b9b55c.json,4676,2025-09-09T12:06:34+00:00
29C36E2B/EDA25F8D-796,AffordabilityReports,29C36E2B/EDA25F8D-796/AffordabilityReports/67d79c10-7715-483e-844f-1aebcd0f4631.json,296577,2025-08-09T06:29:14+00:00
29C36E2B/EDA25F8D-796,CreditAssessment,29C36E2B/EDA25F8D-796/CreditAssessment/account_conduct_20250809_062916.json,11145,2025-08-09T06:29:17+00:00
29C36E2B/EDA25F8D-796,CreditAssessment,29C36E2B/EDA25F8D-796/CreditAssessment/final_decision_20250809_063044.json,1714,2025-08-09T06:30:45+00:00
29C36E2B/EDA25F8D-796,CreditAssessment,29C36E2B/EDA25F8D-796/CreditAssessment/final_decision_20250809_063059.json,1714,2025-08-09T06:31:00+00:00
29C36E2B/EDA25F8D-796,CreditAssessment,29C36E2B/EDA25F8D-796/CreditAssessment/final_decision_20250809_063113.json,1714,2025-08-09T06:31:14+00:00
29C36E2B/EDA25F8D-796,CreditAssessment,29C36E2B/EDA25F8D-796/CreditAssessment/final_decision_20250809_063121.json,1714,2025-08-09T06:31:22+00:00
29C36E2B/EDA25F8D-796,CreditAssessment,29C36E2B/EDA25F8D-796/CreditAssessment/serviceability_20250809_062916.json,1918,2025-08-09T06:29:17+00:00
29C36E2B/EDA25F8D-796,LoanAgreement,29C36E2B/EDA25F8D-796/LoanAgreement/billie_loan_agreement_20250809_063045.html,33803,2025-08-09T06:30:46+00:00
29C36E2B/EDA25F8D-796,StatementCapture/retrieve-accounts,29C36E2B/EDA25F8D-796/StatementCapture/retrieve-accounts_b82b8916-92c6-41d8-96b5-c338a0e7a548_0bd68b64.json,20507,2025-08-09T06:28:51+00:00
29C36E2B/EDA25F8D-796,StatementCapture/retrieve-transactions,29C36E2B/EDA25F8D-796/StatementCapture/retrieve-transactions_b82b8916-92c6-41d8-96b5-c338a0e7a548_773af957.json,365398,2025-08-09T06:28:51+00:00
29C36E2B/EDA25F8D-796,StatementCapture/verify-credentials,29C36E2B/EDA25F8D-796/StatementCapture/verify-credentials_b82b8916-92c6-41d8-96b5-c338a0e7a548_408c7a41.json,4676,2025-08-09T06:28:50+00:00
2D3AE58B/7899078A-FAA,AffordabilityReports,2D3AE58B/7899078A-FAA/AffordabilityReports/b0daff93-7472-451e-986d-51278df48e28.json,526432,2025-12-10T05:54:02+00:00
2D3AE58B/7899078A-FAA,CreditAssessment,2D3AE58B/7899078A-FAA/CreditAssessment/account_conduct_20251210_055408.json,11145,2025-12-10T05:54:09+00:00
2D3AE58B/7899078A-FAA,CreditAssessment,2D3AE58B/7899078A-FAA/CreditAssessment/serviceability_20251210_055408.json,1920,2025-12-10T05:54:09+00:00
2D3AE58B/7899078A-FAA,StatementCapture/retrieve-accounts,2D3AE58B/7899078A-FAA/StatementCapture/retrieve-accounts_84021c7c-3a7c-4a18-87aa-31e717b09462_ab6d130a.json,20510,2025-12-10T05:53:43+00:00
2D3AE58B/7899078A-FAA,StatementCapture/retrieve-transactions,2D3AE58B/7899078A-FAA/StatementCapture/retrieve-transactions_84021c7c-3a7c-4a18-87aa-31e717b09462_5ef43be6.json,614488,2025-12-10T05:53:44+00:00
2D3AE58B/7899078A-FAA,StatementCapture/retrieve-transactions,2D3AE58B/7899078A-FAA/StatementCapture/retrieve-transactions_84021c7c-3a7c-4a18-87aa-31e717b09462_96109938.json,437907,2025-12-10T05:53:44+00:00
2D3AE58B/7899078A-FAA,StatementCapture/verify-credentials,2D3AE58B/7899078A-FAA/StatementCapture/verify-credentials_84021c7c-3a7c-4a18-87aa-31e717b09462_db2a6250.json,4676,2025-12-10T05:53:44+00:00
2D913565/7CA1A98E-7F9,AffordabilityReports,2D913565/7CA1A98E-7F9/AffordabilityReports/efcdbe18-aa29-43fa-b9be-3d9b0c8ba19c.json,453060,2025-09-01T03:58:16+00:00
2D913565/7CA1A98E-7F9,CreditAssessment,2D913565/7CA1A98E-7F9/CreditAssessment/account_conduct_20250901_035820.json,11143,2025-09-01T03:58:21+00:00
2D913565/7CA1A98E-7F9,CreditAssessment,2D913565/7CA1A98E-7F9/CreditAssessment/final_decision_20250901_035851.json,1714,2025-09-01T03:58:52+00:00
2D913565/7CA1A98E-7F9,CreditAssessment,2D913565/7CA1A98E-7F9/CreditAssessment/final_decision_20250901_035904.json,1714,2025-09-01T03:59:06+00:00
2D913565/7CA1A98E-7F9,CreditAssessment,2D913565/7CA1A98E-7F9/CreditAssessment/final_decision_20250901_035924.json,1714,2025-09-01T03:59:25+00:00
2D913565/7CA1A98E-7F9,CreditAssessment,2D913565/7CA1A98E-7F9/CreditAssessment/serviceability_20250901_035823.json,1920,2025-09-01T03:58:24+00:00
2D913565/7CA1A98E-7F9,LoanAgreement,2D913565/7CA1A98E-7F9/LoanAgreement/billie_loan_agreement_20250901_035852.html,33803,2025-09-01T03:58:53+00:00
2D913565/7CA1A98E-7F9,StatementCapture/retrieve-accounts,2D913565/7CA1A98E-7F9/StatementCapture/retrieve-accounts_479b4cff-1b84-4c31-8b2c-1faf07e47d55_c7d8d4fa.json,20507,2025-09-01T03:57:57+00:00
2D913565/7CA1A98E-7F9,StatementCapture/retrieve-transactions,2D913565/7CA1A98E-7F9/StatementCapture/retrieve-transactions_479b4cff-1b84-4c31-8b2c-1faf07e47d55_27cdcedd.json,177107,2025-09-01T03:57:58+00:00
2D913565/7CA1A98E-7F9,StatementCapture/retrieve-transactions,2D913565/7CA1A98E-7F9/StatementCapture/retrieve-transactions_479b4cff-1b84-4c31-8b2c-1faf07e47d55_449a9b00.json,623240,2025-09-01T03:57:58+00:00
2D913565/7CA1A98E-7F9,StatementCapture/verify-credentials,2D913565/7CA1A98E-7F9/StatementCapture/verify-credentials_479b4cff-1b84-4c31-8b2c-1faf07e47d55_10eee1f9.json,4676,2025-09-01T03:57:57+00:00
316F5FE5/ED864370-877,AffordabilityReports,316F5FE5/ED864370-877/AffordabilityReports/8b7fd292-465e-46d9-9639-5485b1e9df10.json,509921,2025-11-12T05:09:40+00:00
316F5FE5/ED864370-877,CreditAssessment,316F5FE5/ED864370-877/CreditAssessment/account_conduct_20251112_050945.json,11145,2025-11-12T05:09:46+00:00
316F5FE5/ED864370-877,CreditAssessment,316F5FE5/ED864370-877/CreditAssessment/final_decision_20251112_051012.json,1714,2025-11-12T05:10:13+00:00
316F5FE5/ED864370-877,CreditAssessment,316F5FE5/ED864370-877/CreditAssessment/final_decision_20251112_051024.json,1714,2025-11-12T05:10:26+00:00
316F5FE5/ED864370-877,CreditAssessment,316F5FE5/ED864370-877/CreditAssessment/final_decision_20251112_051045.json,1714,2025-11-12T05:10:47+00:00
316F5FE5/ED864370-877,CreditAssessment,316F5FE5/ED864370-877/CreditAssessment/serviceability_20251112_050945.json,1921,2025-11-12T05:09:46+00:00
316F5FE5/ED864370-877,LoanAgreement,316F5FE5/ED864370-877/LoanAgreement/billie_loan_agreement_20251112_051013.html,33802,2025-11-12T05:10:14+00:00
316F5FE5/ED864370-877,StatementCapture/retrieve-accounts,316F5FE5/ED864370-877/StatementCapture/retrieve-accounts_14bf5d10-0f98-4473-b4f2-e846062c8da7_35d2ccea.json,20508,2025-11-12T05:09:17+00:00
316F5FE5/ED864370-877,StatementCapture/retrieve-transactions,316F5FE5/ED864370-877/StatementCapture/retrieve-transactions_14bf5d10-0f98-4473-b4f2-e846062c8da7_0cadc8b5.json,620315,2025-11-12T05:09:18+00:00
316F5FE5/ED864370-877,StatementCapture/retrieve-transactions,316F5FE5/ED864370-877/StatementCapture/retrieve-transactions_14bf5d10-0f98-4473-b4f2-e846062c8da7_e6cac37f.json,382917,2025-11-12T05:09:18+00:00
316F5FE5/ED864370-877,StatementCapture/verify-credentials,316F5FE5/ED864370-877/StatementCapture/verify-credentials_14bf5d10-0f98-4473-b4f2-e846062c8da7_36f29522.json,4674,2025-11-12T05:09:17+00:00
344E8434/150514CE-269,AffordabilityReports,344E8434/150514CE-269/AffordabilityReports/8321ea28-a0da-40ad-9558-7e4ccda3cebb.json,509925,2025-11-28T23:04:50+00:00
344E8434/150514CE-269,CreditAssessment,344E8434/150514CE-269/CreditAssessment/account_conduct_20251128_230453.json,11145,2025-11-28T23:04:54+00:00
344E8434/150514CE-269,CreditAssessment,344E8434/150514CE-269/CreditAssessment/final_decision_20251128_230511.json,1714,2025-11-28T23:05:12+00:00
344E8434/150514CE-269,CreditAssessment,344E8434/150514CE-269/CreditAssessment/final_decision_20251128_230519.json,1714,2025-11-28T23:05:21+00:00
344E8434/150514CE-269,CreditAssessment,344E8434/150514CE-269/CreditAssessment/final_decision_20251128_230536.json,1714,2025-11-28T23:05:37+00:00
344E8434/150514CE-269,CreditAssessment,344E8434/150514CE-269/CreditAssessment/serviceability_20251128_230454.json,1921,2025-11-28T23:04:55+00:00
344E8434/150514CE-269,LoanAgreement,344E8434/150514CE-269/LoanAgreement/billie_loan_agreement_20251128_230511.html,33800,2025-11-28T23:05:12+00:00
344E8434/150514CE-269,StatementCapture/retrieve-accounts,344E8434/150514CE-269/StatementCapture/retrieve-accounts_c3db20d3-893d-4d5c-9a59-cd344d5456c3_19a100a1.json,20512,2025-11-28T23:04:33+00:00
344E8434/150514CE-269,StatementCapture/retrieve-transactions,344E8434/150514CE-269/StatementCapture/retrieve-transactions_c3db20d3-893d-4d5c-9a59-cd344d5456c3_323d76eb.json,623621,2025-11-28T23:04:33+00:00
344E8434/150514CE-269,StatementCapture/retrieve-transactions,344E8434/150514CE-269/StatementCapture/retrieve-transactions_c3db20d3-893d-4d5c-9a59-cd344d5456c3_d9a351e7.json,406543,2025-11-28T23:04:34+00:00
344E8434/150514CE-269,StatementCapture/verify-credentials,344E8434/150514CE-269/StatementCapture/verify-credentials_c3db20d3-893d-4d5c-9a59-cd344d5456c3_4d3f146e.json,4678,2025-11-28T23:04:34+00:00
3AB2D665/107BCE6A-CA5,AffordabilityReports,3AB2D665/107BCE6A-CA5/AffordabilityReports/276a5390-467f-425d-89a7-87e9fa125a22.json,296580,2025-08-14T02:51:26+00:00
3AB2D665/107BCE6A-CA5,CreditAssessment,3AB2D665/107BCE6A-CA5/CreditAssessment/account_conduct_20250814_025128.json,11145,2025-08-14T02:51:29+00:00
3AB2D665/107BCE6A-CA5,CreditAssessment,3AB2D665/107BCE6A-CA5/CreditAssessment/final_decision_20250814_032003.json,1714,2025-08-14T03:20:04+00:00
3AB2D665/107BCE6A-CA5,CreditAssessment,3AB2D665/107BCE6A-CA5/CreditAssessment/final_decision_20250814_032034.json,1714,2025-08-14T03:20:35+00:00
3AB2D665/107BCE6A-CA5,CreditAssessment,3AB2D665/107BCE6A-CA5/CreditAssessment/final_decision_20250814_032133.json,1714,2025-08-14T03:21:34+00:00
3AB2D665/107BCE6A-CA5,CreditAssessment,3AB2D665/107BCE6A-CA5/CreditAssessment/serviceability_20250814_025128.json,1932,2025-08-14T02:51:29+00:00
3AB2D665/107BCE6A-CA5,LoanAgreement,3AB2D665/107BCE6A-CA5/LoanAgreement/billie_loan_agreement_20250814_032004.html,34197,2025-08-14T03:20:05+00:00
3AB2D665/107BCE6A-CA5,StatementCapture/retrieve-accounts,3AB2D665/107BCE6A-CA5/StatementCapture/retrieve-accounts_1d7fa0ff-e101-41a6-948e-fd139b953e32_fea4ab31.json,20511,2025-08-14T02:51:08+00:00
3AB2D665/107BCE6A-CA5,StatementCapture/retrieve-transactions,3AB2D665/107BCE6A-CA5/StatementCapture/retrieve-transactions_1d7fa0ff-e101-41a6-948e-fd139b953e32_82983a82.json,376438,2025-08-14T02:51:08+00:00
3AB2D665/107BCE6A-CA5,StatementCapture/verify-credentials,3AB2D665/107BCE6A-CA5/StatementCapture/verify-credentials_1d7fa0ff-e101-41a6-948e-fd139b953e32_b467e710.json,4680,2025-08-14T02:51:08+00:00
3ED4734E/38B18310-FA7,AffordabilityReports,3ED4734E/38B18310-FA7/AffordabilityReports/231cf6aa-e545-4a09-843b-2e4be53cf545.json,453061,2025-09-30T04:20:18+00:00
3ED4734E/38B18310-FA7,CreditAssessment,3ED4734E/38B18310-FA7/CreditAssessment/account_conduct_20250930_042021.json,11143,2025-09-30T04:20:22+00:00
3ED4734E/38B18310-FA7,CreditAssessment,3ED4734E/38B18310-FA7/CreditAssessment/final_decision_20250930_042109.json,1714,2025-09-30T04:21:10+00:00
3ED4734E/38B18310-FA7,CreditAssessment,3ED4734E/38B18310-FA7/CreditAssessment/final_decision_20250930_042125.json,1714,2025-09-30T04:21:26+00:00
3ED4734E/38B18310-FA7,CreditAssessment,3ED4734E/38B18310-FA7/CreditAssessment/final_decision_20250930_042206.json,1714,2025-09-30T04:22:07+00:00
3ED4734E/38B18310-FA7,CreditAssessment,3ED4734E/38B18310-FA7/CreditAssessment/serviceability_20250930_042025.json,1921,2025-09-30T04:20:26+00:00
3ED4734E/38B18310-FA7,LoanAgreement,3ED4734E/38B18310-FA7/LoanAgreement/billie_loan_agreement_20250930_042111.html,33798,2025-09-30T04:21:12+00:00
3ED4734E/38B18310-FA7,StatementCapture/retrieve-accounts,3ED4734E/38B18310-FA7/StatementCapture/retrieve-accounts_525c0615-ff0c-46f4-9c1d-5c3ce2c43744_db6a50c5.json,20509,2025-09-30T04:19:58+00:00
3ED4734E/38B18310-FA7,StatementCapture/retrieve-transactions,3ED4734E/38B18310-FA7/StatementCapture/retrieve-transactions_525c0615-ff0c-46f4-9c1d-5c3ce2c43744_1b747ea7.json,616576,2025-09-30T04:19:59+00:00
3ED4734E/38B18310-FA7,StatementCapture/retrieve-transactions,3ED4734E/38B18310-FA7/StatementCapture/retrieve-transactions_525c0615-ff0c-46f4-9c1d-5c3ce2c43744_a72e3b2b.json,269321,2025-09-30T04:19:59+00:00
3ED4734E/38B18310-FA7,StatementCapture/verify-credentials,3ED4734E/38B18310-FA7/StatementCapture/verify-credentials_525c0615-ff0c-46f4-9c1d-5c3ce2c43744_eae8b895.json,4678,2025-09-30T04:19:58+00:00
4B3BCEB1/0E3780E9-8E6,AffordabilityReports,4B3BCEB1/0E3780E9-8E6/AffordabilityReports/182aa311-98f4-4f8d-ad4c-f6cd15299d9e.json,526431,2025-12-03T01:35:34+00:00
4B3BCEB1/0E3780E9-8E6,CreditAssessment,4B3BCEB1/0E3780E9-8E6/CreditAssessment/account_conduct_20251203_013539.json,11145,2025-12-03T01:35:40+00:00
4B3BCEB1/0E3780E9-8E6,CreditAssessment,4B3BCEB1/0E3780E9-8E6/CreditAssessment/final_decision_20251203_013757.json,1714,2025-12-03T01:37:58+00:00
4B3BCEB1/0E3780E9-8E6,CreditAssessment,4B3BCEB1/0E3780E9-8E6/CreditAssessment/final_decision_20251203_013849.json,1714,2025-12-03T01:38:51+00:00
4B3BCEB1/0E3780E9-8E6,CreditAssessment,4B3BCEB1/0E3780E9-8E6/CreditAssessment/final_decision_20251203_014039.json,1714,2025-12-03T01:40:40+00:00
4B3BCEB1/0E3780E9-8E6,CreditAssessment,4B3BCEB1/0E3780E9-8E6/CreditAssessment/serviceability_20251203_013546.json,1935,2025-12-03T01:35:47+00:00
4B3BCEB1/0E3780E9-8E6,LoanAgreement,4B3BCEB1/0E3780E9-8E6/LoanAgreement/billie_loan_agreement_20251203_013758.html,34135,2025-12-03T01:37:59+00:00
4B3BCEB1/0E3780E9-8E6,StatementCapture/retrieve-accounts,4B3BCEB1/0E3780E9-8E6/StatementCapture/retrieve-accounts_d3256830-e4a1-4958-a56a-aff32e816efe_fa9369a3.json,20510,2025-12-03T01:35:05+00:00
4B3BCEB1/0E3780E9-8E6,StatementCapture/retrieve-transactions,4B3BCEB1/0E3780E9-8E6/StatementCapture/retrieve-transactions_d3256830-e4a1-4958-a56a-aff32e816efe_3d84beba.json,620866,2025-12-03T01:35:06+00:00
4B3BCEB1/0E3780E9-8E6,StatementCapture/retrieve-transactions,4B3BCEB1/0E3780E9-8E6/StatementCapture/retrieve-transactions_d3256830-e4a1-4958-a56a-aff32e816efe_5900f377.json,420346,2025-12-03T01:35:13+00:00
4B3BCEB1/0E3780E9-8E6,StatementCapture/verify-credentials,4B3BCEB1/0E3780E9-8E6/StatementCapture/verify-credentials_d3256830-e4a1-4958-a56a-aff32e816efe_30f52aeb.json,4676,2025-12-03T01:35:06+00:00
512ADE4F/B4BE90DE-320,AffordabilityReports,512ADE4F/B4BE90DE-320/AffordabilityReports/3fcfab1b-5e58-42c6-9c69-cedc933ae157.json,509925,2025-11-27T21:46:31+00:00
512ADE4F/B4BE90DE-320,CreditAssessment,512ADE4F/B4BE90DE-320/CreditAssessment/account_conduct_20251127_214635.json,11145,2025-11-27T21:46:36+00:00
512ADE4F/B4BE90DE-320,CreditAssessment,512ADE4F/B4BE90DE-320/CreditAssessment/serviceability_20251127_214641.json,1921,2025-11-27T21:46:42+00:00
512ADE4F/B4BE90DE-320,StatementCapture/retrieve-accounts,512ADE4F/B4BE90DE-320/StatementCapture/retrieve-accounts_00eacb70-4306-4455-8ac2-33466021bd53_250613aa.json,20512,2025-11-27T21:46:06+00:00
512ADE4F/B4BE90DE-320,StatementCapture/retrieve-transactions,512ADE4F/B4BE90DE-320/StatementCapture/retrieve-transactions_00eacb70-4306-4455-8ac2-33466021bd53_603f5555.json,415315,2025-11-27T21:46:07+00:00
512ADE4F/B4BE90DE-320,StatementCapture/retrieve-transactions,512ADE4F/B4BE90DE-320/StatementCapture/retrieve-transactions_00eacb70-4306-4455-8ac2-33466021bd53_925054a3.json,614849,2025-11-27T21:46:06+00:00
512ADE4F/B4BE90DE-320,StatementCapture/verify-credentials,512ADE4F/B4BE90DE-320/StatementCapture/verify-credentials_00eacb70-4306-4455-8ac2-33466021bd53_4d7cb389.json,4678,2025-11-27T21:46:07+00:00
5371E0D2/C77EFAE5-69E,AffordabilityReports,5371E0D2/C77EFAE5-69E/AffordabilityReports/6e38b188-c98c-44db-a95c-37463bbd405a.json,509925,2025-11-28T03:16:17+00:00
5371E0D2/C77EFAE5-69E,CreditAssessment,5371E0D2/C77EFAE5-69E/CreditAssessment/account_conduct_20251128_031622.json,11145,2025-11-28T03:16:23+00:00
5371E0D2/C77EFAE5-69E,CreditAssessment,5371E0D2/C77EFAE5-69E/CreditAssessment/final_decision_20251128_031714.json,1714,2025-11-28T03:17:15+00:00
5371E0D2/C77EFAE5-69E,CreditAssessment,5371E0D2/C77EFAE5-69E/CreditAssessment/final_decision_20251128_031730.json,1714,2025-11-28T03:17:31+00:00
5371E0D2/C77EFAE5-69E,CreditAssessment,5371E0D2/C77EFAE5-69E/CreditAssessment/final_decision_20251128_032009.json,1714,2025-11-28T03:20:10+00:00
5371E0D2/C77EFAE5-69E,CreditAssessment,5371E0D2/C77EFAE5-69E/CreditAssessment/serviceability_20251128_031630.json,1921,2025-11-28T03:16:31+00:00
5371E0D2/C77EFAE5-69E,LoanAgreement,5371E0D2/C77EFAE5-69E/LoanAgreement/billie_loan_agreement_20251128_031715.html,34002,2025-11-28T03:17:16+00:00
5371E0D2/C77EFAE5-69E,StatementCapture/retrieve-accounts,5371E0D2/C77EFAE5-69E/StatementCapture/retrieve-accounts_1f0bf564-baae-44d5-b389-7774abc458e4_57544cc2.json,20512,2025-11-28T03:15:33+00:00
5371E0D2/C77EFAE5-69E,StatementCapture/retrieve-transactions,5371E0D2/C77EFAE5-69E/StatementCapture/retrieve-transactions_1f0bf564-baae-44d5-b389-7774abc458e4_50498bdc.json,614849,2025-11-28T03:15:33+00:00
5371E0D2/C77EFAE5-69E,StatementCapture/retrieve-transactions,5371E0D2/C77EFAE5-69E/StatementCapture/retrieve-transactions_1f0bf564-baae-44d5-b389-7774abc458e4_b8e48a93.json,415315,2025-11-28T03:15:34+00:00
5371E0D2/C77EFAE5-69E,StatementCapture/verify-credentials,5371E0D2/C77EFAE5-69E/StatementCapture/verify-credentials_1f0bf564-baae-44d5-b389-7774abc458e4_41eaaca7.json,4678,2025-11-28T03:15:33+00:00
581815E7/8A93F93F-770,AffordabilityReports,581815E7/8A93F93F-770/AffordabilityReports/c51f3a2f-0d0d-4d2b-87db-cad609ee8d91.json,509925,2025-11-25T02:26:56+00:00
581815E7/8A93F93F-770,CreditAssessment,581815E7/8A93F93F-770/CreditAssessment/account_conduct_20251125_022657.json,11145,2025-11-25T02:26:58+00:00
581815E7/8A93F93F-770,CreditAssessment,581815E7/8A93F93F-770/CreditAssessment/final_decision_20251125_022747.json,1714,2025-11-25T02:27:48+00:00
581815E7/8A93F93F-770,CreditAssessment,581815E7/8A93F93F-770/CreditAssessment/final_decision_20251125_022815.json,1714,2025-11-25T02:28:16+00:00
581815E7/8A93F93F-770,CreditAssessment,581815E7/8A93F93F-770/CreditAssessment/final_decision_20251125_022847.json,1714,2025-11-25T02:28:48+00:00
581815E7/8A93F93F-770,CreditAssessment,581815E7/8A93F93F-770/CreditAssessment/final_decision_20251125_022907.json,1714,2025-11-25T02:29:08+00:00
581815E7/8A93F93F-770,CreditAssessment,581815E7/8A93F93F-770/CreditAssessment/final_decision_20251125_022957.json,1714,2025-11-25T02:29:58+00:00
581815E7/8A93F93F-770,CreditAssessment,581815E7/8A93F93F-770/CreditAssessment/serviceability_20251125_022658.json,1933,2025-11-25T02:26:59+00:00
581815E7/8A93F93F-770,LoanAgreement,581815E7/8A93F93F-770/LoanAgreement/billie_loan_agreement_20251125_022748.html,33798,2025-11-25T02:27:49+00:00
581815E7/8A93F93F-770,StatementCapture/retrieve-accounts,581815E7/8A93F93F-770/StatementCapture/retrieve-accounts_d779c6ba-1683-43bf-9686-f174eaa84685_5c7dd41c.json,20512,2025-11-25T02:26:37+00:00
581815E7/8A93F93F-770,StatementCapture/retrieve-transactions,581815E7/8A93F93F-770/StatementCapture/retrieve-transactions_d779c6ba-1683-43bf-9686-f174eaa84685_a1ab03f7.json,398957,2025-11-25T02:26:38+00:00
581815E7/8A93F93F-770,StatementCapture/retrieve-transactions,581815E7/8A93F93F-770/StatementCapture/retrieve-transactions_d779c6ba-1683-43bf-9686-f174eaa84685_fcf53fa1.json,621413,2025-11-25T02:26:38+00:00
581815E7/8A93F93F-770,StatementCapture/verify-credentials,581815E7/8A93F93F-770/StatementCapture/verify-credentials_d779c6ba-1683-43bf-9686-f174eaa84685_18148393.json,4678,2025-11-25T02:26:38+00:00
5B42A735/A85E89B0-C27,AffordabilityReports,5B42A735/A85E89B0-C27/AffordabilityReports/6622b2b2-c5ab-4542-85f1-a1c63c955b6c.json,509925,2025-11-24T22:15:14+00:00
5B42A735/A85E89B0-C27,CreditAssessment,5B42A735/A85E89B0-C27/CreditAssessment/account_conduct_20251124_221518.json,11145,2025-11-24T22:15:19+00:00
5B42A735/A85E89B0-C27,CreditAssessment,5B42A735/A85E89B0-C27/CreditAssessment/final_decision_20251124_221546.json,1714,2025-11-24T22:15:47+00:00
5B42A735/A85E89B0-C27,CreditAssessment,5B42A735/A85E89B0-C27/CreditAssessment/final_decision_20251124_221609.json,1714,2025-11-24T22:16:10+00:00
5B42A735/A85E89B0-C27,CreditAssessment,5B42A735/A85E89B0-C27/CreditAssessment/final_decision_20251124_221656.json,1714,2025-11-24T22:16:57+00:00
5B42A735/A85E89B0-C27,CreditAssessment,5B42A735/A85E89B0-C27/CreditAssessment/serviceability_20251124_221525.json,1933,2025-11-24T22:15:26+00:00
5B42A735/A85E89B0-C27,LoanAgreement,5B42A735/A85E89B0-C27/LoanAgreement/billie_loan_agreement_20251124_221547.html,33856,2025-11-24T22:15:48+00:00
5B42A735/A85E89B0-C27,StatementCapture/retrieve-accounts,5B42A735/A85E89B0-C27/StatementCapture/retrieve-accounts_e1d33a55-83c5-4fa8-b0ee-6bb0a0f8829b_80419738.json,20512,2025-11-24T22:14:44+00:00
5B42A735/A85E89B0-C27,StatementCapture/retrieve-transactions,5B42A735/A85E89B0-C27/StatementCapture/retrieve-transactions_e1d33a55-83c5-4fa8-b0ee-6bb0a0f8829b_50ab4e66.json,620216,2025-11-24T22:14:45+00:00
5B42A735/A85E89B0-C27,StatementCapture/retrieve-transactions,5B42A735/A85E89B0-C27/StatementCapture/retrieve-transactions_e1d33a55-83c5-4fa8-b0ee-6bb0a0f8829b_ba136ad4.json,400154,2025-11-24T22:14:52+00:00
5B42A735/A85E89B0-C27,StatementCapture/verify-credentials,5B42A735/A85E89B0-C27/StatementCapture/verify-credentials_e1d33a55-83c5-4fa8-b0ee-6bb0a0f8829b_69a11380.json,4678,2025-11-24T22:14:45+00:00
5BA88C1D/027EE974-F67,AffordabilityReports,5BA88C1D/027EE974-F67/AffordabilityReports/c86fd582-f59a-4ecd-b328-b39fc5f8c68b.json,526434,2025-12-21T22:41:23+00:00
5BA88C1D/027EE974-F67,CreditAssessment,5BA88C1D/027EE974-F67/CreditAssessment/account_conduct_20251221_224127.json,11145,2025-12-21T22:41:28+00:00
5BA88C1D/027EE974-F67,CreditAssessment,5BA88C1D/027EE974-F67/CreditAssessment/serviceability_20251221_224134.json,1920,2025-12-21T22:41:35+00:00
5BA88C1D/027EE974-F67,StatementCapture/retrieve-accounts,5BA88C1D/027EE974-F67/StatementCapture/retrieve-accounts_0b584455-339b-49be-91a3-d05db3a7a869_d3721a25.json,20512,2025-12-21T22:40:58+00:00
5BA88C1D/027EE974-F67,StatementCapture/retrieve-transactions,5BA88C1D/027EE974-F67/StatementCapture/retrieve-transactions_0b584455-339b-49be-91a3-d05db3a7a869_6bc3b041.json,623718,2025-12-21T22:40:59+00:00
5BA88C1D/027EE974-F67,StatementCapture/retrieve-transactions,5BA88C1D/027EE974-F67/StatementCapture/retrieve-transactions_0b584455-339b-49be-91a3-d05db3a7a869_b45c5c40.json,449685,2025-12-21T22:40:59+00:00
5BA88C1D/027EE974-F67,StatementCapture/verify-credentials,5BA88C1D/027EE974-F67/StatementCapture/verify-credentials_0b584455-339b-49be-91a3-d05db3a7a869_027aaad4.json,4678,2025-12-21T22:40:59+00:00
66D8EB05/5B4080CC-82E,AffordabilityReports,66D8EB05/5B4080CC-82E/AffordabilityReports/4b284567-59f3-47cf-9135-f749f2a34253.json,526433,2025-12-22T00:17:18+00:00
66D8EB05/5B4080CC-82E,CreditAssessment,66D8EB05/5B4080CC-82E/CreditAssessment/account_conduct_20251222_001719.json,11145,2025-12-22T00:17:20+00:00
66D8EB05/5B4080CC-82E,CreditAssessment,66D8EB05/5B4080CC-82E/CreditAssessment/serviceability_20251222_001720.json,1920,2025-12-22T00:17:21+00:00
66D8EB05/5B4080CC-82E,StatementCapture/retrieve-accounts,66D8EB05/5B4080CC-82E/StatementCapture/retrieve-accounts_9a8fd37c-9085-4fb6-9b41-3cc90f5a2eaf_b329c00c.json,20512,2025-12-22T00:16:55+00:00
66D8EB05/5B4080CC-82E,StatementCapture/retrieve-transactions,66D8EB05/5B4080CC-82E/StatementCapture/retrieve-transactions_9a8fd37c-9085-4fb6-9b41-3cc90f5a2eaf_04d1630b.json,614184,2025-12-22T00:16:55+00:00
66D8EB05/5B4080CC-82E,StatementCapture/retrieve-transactions,66D8EB05/5B4080CC-82E/StatementCapture/retrieve-transactions_9a8fd37c-9085-4fb6-9b41-3cc90f5a2eaf_681305b3.json,459219,2025-12-22T00:16:56+00:00
66D8EB05/5B4080CC-82E,StatementCapture/verify-credentials,66D8EB05/5B4080CC-82E/StatementCapture/verify-credentials_9a8fd37c-9085-4fb6-9b41-3cc90f5a2eaf_1584776f.json,4678,2025-12-22T00:16:55+00:00
6DB6DA4A/532464A8-1EC,AffordabilityReports,6DB6DA4A/532464A8-1EC/AffordabilityReports/ceedb27f-a540-4e3f-a1d4-5c152e804d10.json,509925,2025-11-26T09:12:06+00:00
6DB6DA4A/532464A8-1EC,CreditAssessment,6DB6DA4A/532464A8-1EC/CreditAssessment/account_conduct_20251126_091211.json,11145,2025-11-26T09:12:12+00:00
6DB6DA4A/532464A8-1EC,CreditAssessment,6DB6DA4A/532464A8-1EC/CreditAssessment/final_decision_20251126_091250.json,1714,2025-11-26T09:12:51+00:00
6DB6DA4A/532464A8-1EC,CreditAssessment,6DB6DA4A/532464A8-1EC/CreditAssessment/serviceability_20251126_091217.json,1931,2025-11-26T09:12:19+00:00
6DB6DA4A/532464A8-1EC,LoanAgreement,6DB6DA4A/532464A8-1EC/LoanAgreement/billie_loan_agreement_20251126_091251.html,34011,2025-11-26T09:12:52+00:00
6DB6DA4A/532464A8-1EC,StatementCapture/retrieve-accounts,6DB6DA4A/532464A8-1EC/StatementCapture/retrieve-accounts_f8e810fc-32bd-4549-8b9c-710f04d0e96e_67c8dbb2.json,20512,2025-11-26T09:11:08+00:00
6DB6DA4A/532464A8-1EC,StatementCapture/retrieve-transactions,6DB6DA4A/532464A8-1EC/StatementCapture/retrieve-transactions_f8e810fc-32bd-4549-8b9c-710f04d0e96e_1a62d7cf.json,623676,2025-11-26T09:11:09+00:00
6DB6DA4A/532464A8-1EC,StatementCapture/retrieve-transactions,6DB6DA4A/532464A8-1EC/StatementCapture/retrieve-transactions_f8e810fc-32bd-4549-8b9c-710f04d0e96e_46aa7a7d.json,397919,2025-11-26T09:11:18+00:00
6DB6DA4A/532464A8-1EC,StatementCapture/verify-credentials,6DB6DA4A/532464A8-1EC/StatementCapture/verify-credentials_f8e810fc-32bd-4549-8b9c-710f04d0e96e_15579d9f.json,4678,2025-11-26T09:11:08+00:00
6F345273/16808B3E-355,AffordabilityReports,6F345273/16808B3E-355/AffordabilityReports/57a73ff4-a10f-4066-aa69-e3de47e5e6e7.json,114567,2025-12-22T03:25:54+00:00
6F345273/16808B3E-355,CreditAssessment,6F345273/16808B3E-355/CreditAssessment/account_conduct_20251222_032555.json,11141,2025-12-22T03:25:56+00:00
6F345273/16808B3E-355,CreditAssessment,6F345273/16808B3E-355/CreditAssessment/serviceability_20251222_032556.json,1913,2025-12-22T03:25:57+00:00
6F345273/16808B3E-355,LoanAgreement,6F345273/16808B3E-355/LoanAgreement/billie_loan_agreement_20251222_032557.html,33755,2025-12-22T03:25:58+00:00
6F345273/16808B3E-355,StatementCapture/retrieve-accounts,6F345273/16808B3E-355/StatementCapture/retrieve-accounts_b50088ab-14dc-4b54-aea6-a79dd87c592a_bf0ab0b2.json,5719,2025-12-22T03:25:33+00:00
6F345273/16808B3E-355,StatementCapture/retrieve-transactions,6F345273/16808B3E-355/StatementCapture/retrieve-transactions_b50088ab-14dc-4b54-aea6-a79dd87c592a_a5b815d0.json,48811,2025-12-22T03:25:33+00:00
6F345273/16808B3E-355,StatementCapture/verify-credentials,6F345273/16808B3E-355/StatementCapture/verify-credentials_b50088ab-14dc-4b54-aea6-a79dd87c592a_244abbf6.json,2332,2025-12-22T03:25:33+00:00
773E2BD6/052163A7-F00,AffordabilityReports,773E2BD6/052163A7-F00/AffordabilityReports/b94a894f-0a2b-4695-ab2a-039701f75b3c.json,296577,2025-08-09T07:03:25+00:00
773E2BD6/052163A7-F00,CreditAssessment,773E2BD6/052163A7-F00/CreditAssessment/account_conduct_20250809_070326.json,11145,2025-08-09T07:03:27+00:00
773E2BD6/052163A7-F00,CreditAssessment,773E2BD6/052163A7-F00/CreditAssessment/final_decision_20250809_070415.json,1714,2025-08-09T07:04:16+00:00
773E2BD6/052163A7-F00,CreditAssessment,773E2BD6/052163A7-F00/CreditAssessment/final_decision_20250809_070428.json,1714,2025-08-09T07:04:30+00:00
773E2BD6/052163A7-F00,CreditAssessment,773E2BD6/052163A7-F00/CreditAssessment/final_decision_20250809_070443.json,1714,2025-08-09T07:04:44+00:00
773E2BD6/052163A7-F00,CreditAssessment,773E2BD6/052163A7-F00/CreditAssessment/final_decision_20250809_070455.json,1714,2025-08-09T07:04:56+00:00
773E2BD6/052163A7-F00,CreditAssessment,773E2BD6/052163A7-F00/CreditAssessment/final_decision_20250809_070506.json,1714,2025-08-09T07:05:07+00:00
773E2BD6/052163A7-F00,CreditAssessment,773E2BD6/052163A7-F00/CreditAssessment/final_decision_20250809_070517.json,1714,2025-08-09T07:05:18+00:00
773E2BD6/052163A7-F00,CreditAssessment,773E2BD6/052163A7-F00/CreditAssessment/final_decision_20250809_070525.json,1714,2025-08-09T07:05:26+00:00
773E2BD6/052163A7-F00,CreditAssessment,773E2BD6/052163A7-F00/CreditAssessment/serviceability_20250809_070327.json,1918,2025-08-09T07:03:28+00:00
773E2BD6/052163A7-F00,LoanAgreement,773E2BD6/052163A7-F00/LoanAgreement/billie_loan_agreement_20250809_070416.html,33788,2025-08-09T07:04:17+00:00
773E2BD6/052163A7-F00,StatementCapture/retrieve-accounts,773E2BD6/052163A7-F00/StatementCapture/retrieve-accounts_7ac09d6b-5f0f-4557-bea8-0ab24394fb07_2a4edf3b.json,20507,2025-08-09T07:03:09+00:00
773E2BD6/052163A7-F00,StatementCapture/retrieve-transactions,773E2BD6/052163A7-F00/StatementCapture/retrieve-transactions_7ac09d6b-5f0f-4557-bea8-0ab24394fb07_12329750.json,365398,2025-08-09T07:03:09+00:00
773E2BD6/052163A7-F00,StatementCapture/verify-credentials,773E2BD6/052163A7-F00/StatementCapture/verify-credentials_7ac09d6b-5f0f-4557-bea8-0ab24394fb07_a916268d.json,4676,2025-08-09T07:03:10+00:00
774A7ACD/94F07280-877,AffordabilityReports,774A7ACD/94F07280-877/AffordabilityReports/611b9b90-6801-473a-9902-685560f4562e.json,296581,2025-08-13T00:08:17+00:00
774A7ACD/94F07280-877,CreditAssessment,774A7ACD/94F07280-877/CreditAssessment/account_conduct_20250813_000818.json,11145,2025-08-13T00:08:19+00:00
774A7ACD/94F07280-877,CreditAssessment,774A7ACD/94F07280-877/CreditAssessment/final_decision_20250813_000845.json,1714,2025-08-13T00:08:46+00:00
774A7ACD/94F07280-877,CreditAssessment,774A7ACD/94F07280-877/CreditAssessment/final_decision_20250813_000903.json,1714,2025-08-13T00:09:04+00:00
774A7ACD/94F07280-877,CreditAssessment,774A7ACD/94F07280-877/CreditAssessment/final_decision_20250813_000927.json,1714,2025-08-13T00:09:28+00:00
774A7ACD/94F07280-877,CreditAssessment,774A7ACD/94F07280-877/CreditAssessment/serviceability_20250813_000819.json,1919,2025-08-13T00:08:20+00:00
774A7ACD/94F07280-877,LoanAgreement,774A7ACD/94F07280-877/LoanAgreement/billie_loan_agreement_20250813_000845.html,33803,2025-08-13T00:08:46+00:00
774A7ACD/94F07280-877,StatementCapture/retrieve-accounts,774A7ACD/94F07280-877/StatementCapture/retrieve-accounts_f3cf43ba-f022-4477-a7cf-f091679dc2fe_805ff063.json,20511,2025-08-13T00:07:53+00:00
774A7ACD/94F07280-877,StatementCapture/retrieve-transactions,774A7ACD/94F07280-877/StatementCapture/retrieve-transactions_f3cf43ba-f022-4477-a7cf-f091679dc2fe_0b97a9ac.json,373957,2025-08-13T00:07:54+00:00
774A7ACD/94F07280-877,StatementCapture/verify-credentials,774A7ACD/94F07280-877/StatementCapture/verify-credentials_f3cf43ba-f022-4477-a7cf-f091679dc2fe_c4fdc525.json,4680,2025-08-13T00:07:54+00:00
805CD76E/4B711598-11D,AffordabilityReports,805CD76E/4B711598-11D/AffordabilityReports/faa473c9-b5eb-48c9-bcb4-c872558e446d.json,296577,2025-08-10T08:52:19+00:00
805CD76E/4B711598-11D,CreditAssessment,805CD76E/4B711598-11D/CreditAssessment/account_conduct_20250810_085220.json,11145,2025-08-10T08:52:21+00:00
805CD76E/4B711598-11D,CreditAssessment,805CD76E/4B711598-11D/CreditAssessment/final_decision_20250810_085257.json,1714,2025-08-10T08:52:58+00:00
805CD76E/4B711598-11D,CreditAssessment,805CD76E/4B711598-11D/CreditAssessment/final_decision_20250810_085310.json,1714,2025-08-10T08:53:11+00:00
805CD76E/4B711598-11D,CreditAssessment,805CD76E/4B711598-11D/CreditAssessment/final_decision_20250810_085413.json,1714,2025-08-10T08:54:14+00:00
805CD76E/4B711598-11D,CreditAssessment,805CD76E/4B711598-11D/CreditAssessment/serviceability_20250810_085220.json,1918,2025-08-10T08:52:21+00:00
805CD76E/4B711598-11D,LoanAgreement,805CD76E/4B711598-11D/LoanAgreement/billie_loan_agreement_20250810_085258.html,33803,2025-08-10T08:52:59+00:00
805CD76E/4B711598-11D,StatementCapture/retrieve-accounts,805CD76E/4B711598-11D/StatementCapture/retrieve-accounts_acb62b64-2349-48e1-a5cc-0d739f00a000_307b4df4.json,20507,2025-08-10T08:52:09+00:00
805CD76E/4B711598-11D,StatementCapture/retrieve-transactions,805CD76E/4B711598-11D/StatementCapture/retrieve-transactions_acb62b64-2349-48e1-a5cc-0d739f00a000_05a533c1.json,365398,2025-08-10T08:52:09+00:00
805CD76E/4B711598-11D,StatementCapture/verify-credentials,805CD76E/4B711598-11D/StatementCapture/verify-credentials_acb62b64-2349-48e1-a5cc-0d739f00a000_bfb12a42.json,4676,2025-08-10T08:52:10+00:00
81B2E255/0194E423-812,AffordabilityReports,81B2E255/0194E423-812/AffordabilityReports/a2a93d17-ac0d-4f03-b940-01db8ed7f02e.json,509925,2025-11-25T03:50:13+00:00
81B2E255/0194E423-812,CreditAssessment,81B2E255/0194E423-812/CreditAssessment/account_conduct_20251125_035014.json,11145,2025-11-25T03:50:15+00:00
81B2E255/0194E423-812,CreditAssessment,81B2E255/0194E423-812/CreditAssessment/final_decision_20251125_035105.json,1714,2025-11-25T03:51:06+00:00
81B2E255/0194E423-812,CreditAssessment,81B2E255/0194E423-812/CreditAssessment/final_decision_20251125_035126.json,1714,2025-11-25T03:51:27+00:00
81B2E255/0194E423-812,CreditAssessment,81B2E255/0194E423-812/CreditAssessment/final_decision_20251125_035205.json,1714,2025-11-25T03:52:06+00:00
81B2E255/0194E423-812,CreditAssessment,81B2E255/0194E423-812/CreditAssessment/serviceability_20251125_035014.json,1931,2025-11-25T03:50:15+00:00
81B2E255/0194E423-812,LoanAgreement,81B2E255/0194E423-812/LoanAgreement/billie_loan_agreement_20251125_035105.html,34014,2025-11-25T03:51:07+00:00
81B2E255/0194E423-812,StatementCapture/retrieve-accounts,81B2E255/0194E423-812/StatementCapture/retrieve-accounts_0ade1439-0037-41b1-a06f-37552e28e66f_e8063e48.json,20512,2025-11-25T03:49:52+00:00
81B2E255/0194E423-812,StatementCapture/retrieve-transactions,81B2E255/0194E423-812/StatementCapture/retrieve-transactions_0ade1439-0037-41b1-a06f-37552e28e66f_57989881.json,617653,2025-11-25T03:49:53+00:00
81B2E255/0194E423-812,StatementCapture/retrieve-transactions,81B2E255/0194E423-812/StatementCapture/retrieve-transactions_0ade1439-0037-41b1-a06f-37552e28e66f_9a5959b4.json,402717,2025-11-25T03:49:53+00:00
81B2E255/0194E423-812,StatementCapture/verify-credentials,81B2E255/0194E423-812/StatementCapture/verify-credentials_0ade1439-0037-41b1-a06f-37552e28e66f_0275e63b.json,4678,2025-11-25T03:49:53+00:00
8E51D6A0/49B4DC92-881,AffordabilityReports,8E51D6A0/49B4DC92-881/AffordabilityReports/3bed877f-72a4-4ce5-b434-a156de2637e4.json,416575,2025-08-29T03:27:22+00:00
8E51D6A0/49B4DC92-881,CreditAssessment,8E51D6A0/49B4DC92-881/CreditAssessment/account_conduct_20250829_032724.json,11143,2025-08-29T03:27:25+00:00
8E51D6A0/49B4DC92-881,CreditAssessment,8E51D6A0/49B4DC92-881/CreditAssessment/serviceability_20250829_032724.json,1931,2025-08-29T03:27:25+00:00
8E51D6A0/49B4DC92-881,LoanAgreement,8E51D6A0/49B4DC92-881/LoanAgreement/billie_loan_agreement_20250829_032725.html,33762,2025-08-29T03:27:26+00:00
8E51D6A0/49B4DC92-881,LoanAgreement,8E51D6A0/49B4DC92-881/LoanAgreement/billie_loan_agreement_20250829_032843.html,33803,2025-08-29T03:28:44+00:00
8E51D6A0/49B4DC92-881,LoanAgreement,8E51D6A0/49B4DC92-881/LoanAgreement/billie_loan_agreement_20250829_032844.html,33803,2025-08-29T03:28:45+00:00
8E51D6A0/49B4DC92-881,StatementCapture/retrieve-accounts,8E51D6A0/49B4DC92-881/StatementCapture/retrieve-accounts_e13f475f-de97-432c-9340-56aa31e6bfa0_611350ac.json,20511,2025-08-29T03:27:03+00:00
8E51D6A0/49B4DC92-881,StatementCapture/retrieve-transactions,8E51D6A0/49B4DC92-881/StatementCapture/retrieve-transactions_e13f475f-de97-432c-9340-56aa31e6bfa0_33278e75.json,620809,2025-08-29T03:27:03+00:00
8E51D6A0/49B4DC92-881,StatementCapture/retrieve-transactions,8E51D6A0/49B4DC92-881/StatementCapture/retrieve-transactions_e13f475f-de97-432c-9340-56aa31e6bfa0_87840798.json,167255,2025-08-29T03:27:04+00:00
8E51D6A0/49B4DC92-881,StatementCapture/verify-credentials,8E51D6A0/49B4DC92-881/StatementCapture/verify-credentials_e13f475f-de97-432c-9340-56aa31e6bfa0_ba6d5be7.json,4680,2025-08-29T03:27:04+00:00
92F0D093/1FF1ABF5-A39,AffordabilityReports,92F0D093/1FF1ABF5-A39/AffordabilityReports/e685e91d-dfa4-40b9-8abf-364116265e27.json,416575,2025-08-29T03:50:31+00:00
92F0D093/1FF1ABF5-A39,CreditAssessment,92F0D093/1FF1ABF5-A39/CreditAssessment/account_conduct_20250829_035034.json,11143,2025-08-29T03:50:35+00:00
92F0D093/1FF1ABF5-A39,CreditAssessment,92F0D093/1FF1ABF5-A39/CreditAssessment/final_decision_20250829_035110.json,1714,2025-08-29T03:51:11+00:00
92F0D093/1FF1ABF5-A39,CreditAssessment,92F0D093/1FF1ABF5-A39/CreditAssessment/final_decision_20250829_035123.json,1714,2025-08-29T03:51:24+00:00
92F0D093/1FF1ABF5-A39,CreditAssessment,92F0D093/1FF1ABF5-A39/CreditAssessment/final_decision_20250829_035142.json,1714,2025-08-29T03:51:43+00:00
92F0D093/1FF1ABF5-A39,CreditAssessment,92F0D093/1FF1ABF5-A39/CreditAssessment/serviceability_20250829_035034.json,1931,2025-08-29T03:50:35+00:00
92F0D093/1FF1ABF5-A39,LoanAgreement,92F0D093/1FF1ABF5-A39/LoanAgreement/billie_loan_agreement_20250829_035111.html,33803,2025-08-29T03:51:12+00:00
92F0D093/1FF1ABF5-A39,StatementCapture/retrieve-accounts,92F0D093/1FF1ABF5-A39/StatementCapture/retrieve-accounts_eeee5352-40ef-4c27-af6c-682076b283f2_6d610376.json,20511,2025-08-29T03:50:16+00:00
92F0D093/1FF1ABF5-A39,StatementCapture/retrieve-transactions,92F0D093/1FF1ABF5-A39/StatementCapture/retrieve-transactions_eeee5352-40ef-4c27-af6c-682076b283f2_2000330e.json,168111,2025-08-29T03:50:17+00:00
92F0D093/1FF1ABF5-A39,StatementCapture/retrieve-transactions,92F0D093/1FF1ABF5-A39/StatementCapture/retrieve-transactions_eeee5352-40ef-4c27-af6c-682076b283f2_d952134f.json,619953,2025-08-29T03:50:16+00:00
92F0D093/1FF1ABF5-A39,StatementCapture/verify-credentials,92F0D093/1FF1ABF5-A39/StatementCapture/verify-credentials_eeee5352-40ef-4c27-af6c-682076b283f2_f685ff59.json,4680,2025-08-29T03:50:16+00:00
93B8B04A/0DD18A7B-30B,AffordabilityReports,93B8B04A/0DD18A7B-30B/AffordabilityReports/67d428d4-f1ff-4c6b-a0ff-0ba819e57aa9.json,509925,2025-11-27T21:50:48+00:00
93B8B04A/0DD18A7B-30B,CreditAssessment,93B8B04A/0DD18A7B-30B/CreditAssessment/account_conduct_20251127_215049.json,11145,2025-11-27T21:50:50+00:00
93B8B04A/0DD18A7B-30B,CreditAssessment,93B8B04A/0DD18A7B-30B/CreditAssessment/final_decision_20251127_215111.json,1714,2025-11-27T21:51:12+00:00
93B8B04A/0DD18A7B-30B,CreditAssessment,93B8B04A/0DD18A7B-30B/CreditAssessment/final_decision_20251127_215155.json,1714,2025-11-27T21:51:57+00:00
93B8B04A/0DD18A7B-30B,CreditAssessment,93B8B04A/0DD18A7B-30B/CreditAssessment/serviceability_20251127_215049.json,1921,2025-11-27T21:50:50+00:00
93B8B04A/0DD18A7B-30B,LoanAgreement,93B8B04A/0DD18A7B-30B/LoanAgreement/billie_loan_agreement_20251127_215113.html,33796,2025-11-27T21:51:14+00:00
93B8B04A/0DD18A7B-30B,StatementCapture/retrieve-accounts,93B8B04A/0DD18A7B-30B/StatementCapture/retrieve-accounts_45b3674c-f219-4697-82f1-693fa62685cd_3d727118.json,20512,2025-11-27T21:50:36+00:00
93B8B04A/0DD18A7B-30B,StatementCapture/retrieve-transactions,93B8B04A/0DD18A7B-30B/StatementCapture/retrieve-transactions_45b3674c-f219-4697-82f1-693fa62685cd_ea674573.json,617453,2025-11-27T21:50:36+00:00
93B8B04A/0DD18A7B-30B,StatementCapture/retrieve-transactions,93B8B04A/0DD18A7B-30B/StatementCapture/retrieve-transactions_45b3674c-f219-4697-82f1-693fa62685cd_fc9b5978.json,412711,2025-11-27T21:50:36+00:00
93B8B04A/0DD18A7B-30B,StatementCapture/verify-credentials,93B8B04A/0DD18A7B-30B/StatementCapture/verify-credentials_45b3674c-f219-4697-82f1-693fa62685cd_2a69efef.json,4678,2025-11-27T21:50:35+00:00
9F97531D/CAE47E0F-44D,AffordabilityReports,9F97531D/CAE47E0F-44D/AffordabilityReports/16e44eda-61be-4462-a762-3f28f7bddc41.json,296577,2025-08-10T04:45:58+00:00
9F97531D/CAE47E0F-44D,CreditAssessment,9F97531D/CAE47E0F-44D/CreditAssessment/account_conduct_20250810_044600.json,11145,2025-08-10T04:46:01+00:00
9F97531D/CAE47E0F-44D,CreditAssessment,9F97531D/CAE47E0F-44D/CreditAssessment/final_decision_20250810_044638.json,1714,2025-08-10T04:46:39+00:00
9F97531D/CAE47E0F-44D,CreditAssessment,9F97531D/CAE47E0F-44D/CreditAssessment/final_decision_20250810_044652.json,1714,2025-08-10T04:46:53+00:00
9F97531D/CAE47E0F-44D,CreditAssessment,9F97531D/CAE47E0F-44D/CreditAssessment/final_decision_20250810_044711.json,1714,2025-08-10T04:47:12+00:00
9F97531D/CAE47E0F-44D,CreditAssessment,9F97531D/CAE47E0F-44D/CreditAssessment/serviceability_20250810_044601.json,1918,2025-08-10T04:46:02+00:00
9F97531D/CAE47E0F-44D,LoanAgreement,9F97531D/CAE47E0F-44D/LoanAgreement/billie_loan_agreement_20250810_044638.html,33803,2025-08-10T04:46:40+00:00
9F97531D/CAE47E0F-44D,StatementCapture/retrieve-accounts,9F97531D/CAE47E0F-44D/StatementCapture/retrieve-accounts_3f5d5a60-09f0-4424-8c36-5601b09526dd_a50fe1fa.json,20507,2025-08-10T04:45:39+00:00
9F97531D/CAE47E0F-44D,StatementCapture/retrieve-transactions,9F97531D/CAE47E0F-44D/StatementCapture/retrieve-transactions_3f5d5a60-09f0-4424-8c36-5601b09526dd_ca84fcff.json,365398,2025-08-10T04:45:40+00:00
9F97531D/CAE47E0F-44D,StatementCapture/verify-credentials,9F97531D/CAE47E0F-44D/StatementCapture/verify-credentials_3f5d5a60-09f0-4424-8c36-5601b09526dd_7e00b32d.json,4676,2025-08-10T04:45:39+00:00
AD5E4F33/886E7C8B-787,AffordabilityReports,AD5E4F33/886E7C8B-787/AffordabilityReports/df0058dd-86ee-418d-9a10-65aa3652278a.json,509925,2025-11-25T21:15:02+00:00
AD5E4F33/886E7C8B-787,CreditAssessment,AD5E4F33/886E7C8B-787/CreditAssessment/account_conduct_20251125_211508.json,11145,2025-11-25T21:15:09+00:00
AD5E4F33/886E7C8B-787,CreditAssessment,AD5E4F33/886E7C8B-787/CreditAssessment/final_decision_20251125_211522.json,1714,2025-11-25T21:15:23+00:00
AD5E4F33/886E7C8B-787,CreditAssessment,AD5E4F33/886E7C8B-787/CreditAssessment/final_decision_20251125_211535.json,1714,2025-11-25T21:15:36+00:00
AD5E4F33/886E7C8B-787,CreditAssessment,AD5E4F33/886E7C8B-787/CreditAssessment/final_decision_20251125_211557.json,1714,2025-11-25T21:15:58+00:00
AD5E4F33/886E7C8B-787,CreditAssessment,AD5E4F33/886E7C8B-787/CreditAssessment/serviceability_20251125_211516.json,1931,2025-11-25T21:15:18+00:00
AD5E4F33/886E7C8B-787,LoanAgreement,AD5E4F33/886E7C8B-787/LoanAgreement/billie_loan_agreement_20251125_211523.html,33800,2025-11-25T21:15:24+00:00
AD5E4F33/886E7C8B-787,StatementCapture/retrieve-accounts,AD5E4F33/886E7C8B-787/StatementCapture/retrieve-accounts_947f12a8-b791-4ef6-b66b-b84c38e693e2_1a328cee.json,20512,2025-11-25T21:14:36+00:00
AD5E4F33/886E7C8B-787,StatementCapture/retrieve-transactions,AD5E4F33/886E7C8B-787/StatementCapture/retrieve-transactions_947f12a8-b791-4ef6-b66b-b84c38e693e2_7bb93a1d.json,406727,2025-11-25T21:14:37+00:00
AD5E4F33/886E7C8B-787,StatementCapture/retrieve-transactions,AD5E4F33/886E7C8B-787/StatementCapture/retrieve-transactions_947f12a8-b791-4ef6-b66b-b84c38e693e2_f97dc2bc.json,614868,2025-11-25T21:14:37+00:00
AD5E4F33/886E7C8B-787,StatementCapture/verify-credentials,AD5E4F33/886E7C8B-787/StatementCapture/verify-credentials_947f12a8-b791-4ef6-b66b-b84c38e693e2_60173b26.json,4678,2025-11-25T21:14:36+00:00
B30AF4E6/2D0B307A-FFF,AffordabilityReports,B30AF4E6/2D0B307A-FFF/AffordabilityReports/da9019e2-214e-4c12-839f-d5279b4251da.json,296577,2025-08-10T08:39:51+00:00
B30AF4E6/2D0B307A-FFF,CreditAssessment,B30AF4E6/2D0B307A-FFF/CreditAssessment/account_conduct_20250810_083953.json,11145,2025-08-10T08:39:54+00:00
B30AF4E6/2D0B307A-FFF,CreditAssessment,B30AF4E6/2D0B307A-FFF/CreditAssessment/final_decision_20250810_084347.json,1714,2025-08-10T08:43:48+00:00
B30AF4E6/2D0B307A-FFF,CreditAssessment,B30AF4E6/2D0B307A-FFF/CreditAssessment/final_decision_20250810_084401.json,1714,2025-08-10T08:44:02+00:00
B30AF4E6/2D0B307A-FFF,CreditAssessment,B30AF4E6/2D0B307A-FFF/CreditAssessment/final_decision_20250810_084428.json,1714,2025-08-10T08:44:29+00:00
B30AF4E6/2D0B307A-FFF,CreditAssessment,B30AF4E6/2D0B307A-FFF/CreditAssessment/serviceability_20250810_083953.json,1918,2025-08-10T08:39:54+00:00
B30AF4E6/2D0B307A-FFF,LoanAgreement,B30AF4E6/2D0B307A-FFF/LoanAgreement/billie_loan_agreement_20250810_084348.html,33803,2025-08-10T08:43:49+00:00
B30AF4E6/2D0B307A-FFF,StatementCapture/retrieve-accounts,B30AF4E6/2D0B307A-FFF/StatementCapture/retrieve-accounts_248c3596-d503-4969-aa49-a48b1355aea0_ed506188.json,20507,2025-08-10T08:39:31+00:00
B30AF4E6/2D0B307A-FFF,StatementCapture/retrieve-transactions,B30AF4E6/2D0B307A-FFF/StatementCapture/retrieve-transactions_248c3596-d503-4969-aa49-a48b1355aea0_1953ab06.json,365398,2025-08-10T08:39:31+00:00
B30AF4E6/2D0B307A-FFF,StatementCapture/verify-credentials,B30AF4E6/2D0B307A-FFF/StatementCapture/verify-credentials_248c3596-d503-4969-aa49-a48b1355aea0_7350c2fe.json,4676,2025-08-10T08:39:31+00:00
B6F7B2EB/14D8FA0F-8A0,AffordabilityReports,B6F7B2EB/14D8FA0F-8A0/AffordabilityReports/96cefb0e-4483-4de0-bf5c-b5e7b8fca397.json,509925,2025-11-25T04:16:11+00:00
B6F7B2EB/14D8FA0F-8A0,CreditAssessment,B6F7B2EB/14D8FA0F-8A0/CreditAssessment/account_conduct_20251125_041613.json,11145,2025-11-25T04:16:14+00:00
B6F7B2EB/14D8FA0F-8A0,CreditAssessment,B6F7B2EB/14D8FA0F-8A0/CreditAssessment/final_decision_20251125_041650.json,1714,2025-11-25T04:16:51+00:00
B6F7B2EB/14D8FA0F-8A0,CreditAssessment,B6F7B2EB/14D8FA0F-8A0/CreditAssessment/serviceability_20251125_041613.json,1931,2025-11-25T04:16:14+00:00
B6F7B2EB/14D8FA0F-8A0,LoanAgreement,B6F7B2EB/14D8FA0F-8A0/LoanAgreement/billie_loan_agreement_20251125_041650.html,33805,2025-11-25T04:16:51+00:00
B6F7B2EB/14D8FA0F-8A0,StatementCapture/retrieve-accounts,B6F7B2EB/14D8FA0F-8A0/StatementCapture/retrieve-accounts_ca853aca-f1b2-425a-9d3a-c7c0b4446539_b2fe48af.json,20512,2025-11-25T04:15:37+00:00
B6F7B2EB/14D8FA0F-8A0,StatementCapture/retrieve-transactions,B6F7B2EB/14D8FA0F-8A0/StatementCapture/retrieve-transactions_ca853aca-f1b2-425a-9d3a-c7c0b4446539_42c3393e.json,614875,2025-11-25T04:15:37+00:00
B6F7B2EB/14D8FA0F-8A0,StatementCapture/retrieve-transactions,B6F7B2EB/14D8FA0F-8A0/StatementCapture/retrieve-transactions_ca853aca-f1b2-425a-9d3a-c7c0b4446539_f38f4d00.json,405495,2025-11-25T04:15:37+00:00
B6F7B2EB/14D8FA0F-8A0,StatementCapture/verify-credentials,B6F7B2EB/14D8FA0F-8A0/StatementCapture/verify-credentials_ca853aca-f1b2-425a-9d3a-c7c0b4446539_a585a16e.json,4678,2025-11-25T04:15:36+00:00
B7A9EC14/B5C3FF0E-7AC,AffordabilityReports,B7A9EC14/B5C3FF0E-7AC/AffordabilityReports/1da952c0-243e-4e0a-979a-7b57362b16c9.json,401466,2025-12-22T03:08:13+00:00
B7A9EC14/B5C3FF0E-7AC,CreditAssessment,B7A9EC14/B5C3FF0E-7AC/CreditAssessment/account_conduct_20251222_030817.json,11213,2025-12-22T03:08:18+00:00
B7A9EC14/B5C3FF0E-7AC,CreditAssessment,B7A9EC14/B5C3FF0E-7AC/CreditAssessment/serviceability_20251222_030826.json,2001,2025-12-22T03:08:28+00:00
B7A9EC14/B5C3FF0E-7AC,LoanAgreement,B7A9EC14/B5C3FF0E-7AC/LoanAgreement/billie_loan_agreement_20251222_030829.html,33752,2025-12-22T03:08:30+00:00
B7A9EC14/B5C3FF0E-7AC,StatementCapture/retrieve-accounts,B7A9EC14/B5C3FF0E-7AC/StatementCapture/retrieve-accounts_44195039-212e-41e2-8237-9faff736b0f6_c13b0b4c.json,13211,2025-12-22T03:07:51+00:00
B7A9EC14/B5C3FF0E-7AC,StatementCapture/retrieve-transactions,B7A9EC14/B5C3FF0E-7AC/StatementCapture/retrieve-transactions_44195039-212e-41e2-8237-9faff736b0f6_1ee94425.json,617888,2025-12-22T03:07:51+00:00
B7A9EC14/B5C3FF0E-7AC,StatementCapture/retrieve-transactions,B7A9EC14/B5C3FF0E-7AC/StatementCapture/retrieve-transactions_44195039-212e-41e2-8237-9faff736b0f6_9f40dc54.json,78178,2025-12-22T03:07:52+00:00
B7A9EC14/B5C3FF0E-7AC,StatementCapture/verify-credentials,B7A9EC14/B5C3FF0E-7AC/StatementCapture/verify-credentials_44195039-212e-41e2-8237-9faff736b0f6_315d5d9a.json,3854,2025-12-22T03:07:50+00:00
BCDFA30E/634FEAF9-425,AffordabilityReports,BCDFA30E/634FEAF9-425/AffordabilityReports/322ec0fb-df03-44d5-be9b-2bc80238d5ac.json,296581,2025-08-14T00:50:57+00:00
BCDFA30E/634FEAF9-425,CreditAssessment,BCDFA30E/634FEAF9-425/CreditAssessment/account_conduct_20250814_005058.json,11145,2025-08-14T00:50:59+00:00
BCDFA30E/634FEAF9-425,CreditAssessment,BCDFA30E/634FEAF9-425/CreditAssessment/final_decision_20250814_005236.json,1714,2025-08-14T00:52:37+00:00
BCDFA30E/634FEAF9-425,CreditAssessment,BCDFA30E/634FEAF9-425/CreditAssessment/final_decision_20250814_005325.json,1714,2025-08-14T00:53:26+00:00
BCDFA30E/634FEAF9-425,CreditAssessment,BCDFA30E/634FEAF9-425/CreditAssessment/final_decision_20250814_005354.json,1714,2025-08-14T00:53:55+00:00
BCDFA30E/634FEAF9-425,CreditAssessment,BCDFA30E/634FEAF9-425/CreditAssessment/serviceability_20250814_005059.json,1921,2025-08-14T00:51:00+00:00
BCDFA30E/634FEAF9-425,LoanAgreement,BCDFA30E/634FEAF9-425/LoanAgreement/billie_loan_agreement_20250814_005236.html,33795,2025-08-14T00:52:38+00:00
BCDFA30E/634FEAF9-425,StatementCapture/retrieve-accounts,BCDFA30E/634FEAF9-425/StatementCapture/retrieve-accounts_ff4cbcc5-24a3-443b-b14e-4142d6e9e452_49bb6b14.json,20511,2025-08-14T00:50:38+00:00
BCDFA30E/634FEAF9-425,StatementCapture/retrieve-transactions,BCDFA30E/634FEAF9-425/StatementCapture/retrieve-transactions_ff4cbcc5-24a3-443b-b14e-4142d6e9e452_b98404c0.json,376438,2025-08-14T00:50:39+00:00
BCDFA30E/634FEAF9-425,StatementCapture/verify-credentials,BCDFA30E/634FEAF9-425/StatementCapture/verify-credentials_ff4cbcc5-24a3-443b-b14e-4142d6e9e452_4fff20ff.json,4680,2025-08-14T00:50:38+00:00
CD6DA462/2A2059A7-7D8,AffordabilityReports,CD6DA462/2A2059A7-7D8/AffordabilityReports/9df82d0f-0945-49db-9bc0-6eb699ff0b9f.json,509924,2025-11-17T11:37:15+00:00
CD6DA462/2A2059A7-7D8,CreditAssessment,CD6DA462/2A2059A7-7D8/CreditAssessment/account_conduct_20251117_113718.json,11145,2025-11-17T11:37:19+00:00
CD6DA462/2A2059A7-7D8,CreditAssessment,CD6DA462/2A2059A7-7D8/CreditAssessment/final_decision_20251117_113741.json,1714,2025-11-17T11:37:42+00:00
CD6DA462/2A2059A7-7D8,CreditAssessment,CD6DA462/2A2059A7-7D8/CreditAssessment/final_decision_20251117_113752.json,1714,2025-11-17T11:37:53+00:00
CD6DA462/2A2059A7-7D8,CreditAssessment,CD6DA462/2A2059A7-7D8/CreditAssessment/final_decision_20251117_113818.json,1714,2025-11-17T11:38:19+00:00
CD6DA462/2A2059A7-7D8,CreditAssessment,CD6DA462/2A2059A7-7D8/CreditAssessment/serviceability_20251117_113719.json,1918,2025-11-17T11:37:20+00:00
CD6DA462/2A2059A7-7D8,LoanAgreement,CD6DA462/2A2059A7-7D8/LoanAgreement/billie_loan_agreement_20251117_113741.html,33803,2025-11-17T11:37:42+00:00
CD6DA462/2A2059A7-7D8,StatementCapture/retrieve-accounts,CD6DA462/2A2059A7-7D8/StatementCapture/retrieve-accounts_8ada112b-7243-4b81-b6b7-97d165f5134d_95388b0e.json,20512,2025-11-17T11:36:57+00:00
CD6DA462/2A2059A7-7D8,StatementCapture/retrieve-transactions,CD6DA462/2A2059A7-7D8/StatementCapture/retrieve-transactions_8ada112b-7243-4b81-b6b7-97d165f5134d_208d5cc3.json,614840,2025-11-17T11:36:57+00:00
CD6DA462/2A2059A7-7D8,StatementCapture/retrieve-transactions,CD6DA462/2A2059A7-7D8/StatementCapture/retrieve-transactions_8ada112b-7243-4b81-b6b7-97d165f5134d_a9d34752.json,399317,2025-11-17T11:36:58+00:00
CD6DA462/2A2059A7-7D8,StatementCapture/verify-credentials,CD6DA462/2A2059A7-7D8/StatementCapture/verify-credentials_8ada112b-7243-4b81-b6b7-97d165f5134d_954ebed3.json,4678,2025-11-17T11:36:57+00:00
E27A2192/22D64AF0-2D9,AffordabilityReports,E27A2192/22D64AF0-2D9/AffordabilityReports/519d5362-2baa-4975-9431-8324d902d70a.json,526432,2025-12-10T06:07:29+00:00
E27A2192/22D64AF0-2D9,CreditAssessment,E27A2192/22D64AF0-2D9/CreditAssessment/account_conduct_20251210_060732.json,11145,2025-12-10T06:07:33+00:00
E27A2192/22D64AF0-2D9,CreditAssessment,E27A2192/22D64AF0-2D9/CreditAssessment/final_decision_20251210_060807.json,1714,2025-12-10T06:08:08+00:00
E27A2192/22D64AF0-2D9,CreditAssessment,E27A2192/22D64AF0-2D9/CreditAssessment/final_decision_20251210_060821.json,1714,2025-12-10T06:08:22+00:00
E27A2192/22D64AF0-2D9,CreditAssessment,E27A2192/22D64AF0-2D9/CreditAssessment/final_decision_20251210_060843.json,1714,2025-12-10T06:08:44+00:00
E27A2192/22D64AF0-2D9,CreditAssessment,E27A2192/22D64AF0-2D9/CreditAssessment/serviceability_20251210_060733.json,1920,2025-12-10T06:07:34+00:00
E27A2192/22D64AF0-2D9,LoanAgreement,E27A2192/22D64AF0-2D9/LoanAgreement/billie_loan_agreement_20251210_060808.html,33799,2025-12-10T06:08:09+00:00
E27A2192/22D64AF0-2D9,StatementCapture/retrieve-accounts,E27A2192/22D64AF0-2D9/StatementCapture/retrieve-accounts_c4235213-759f-4b25-9685-8ac4a0877bd2_2d1c3e54.json,20510,2025-12-10T06:07:08+00:00
E27A2192/22D64AF0-2D9,StatementCapture/retrieve-transactions,E27A2192/22D64AF0-2D9/StatementCapture/retrieve-transactions_c4235213-759f-4b25-9685-8ac4a0877bd2_026c1995.json,623652,2025-12-10T06:07:09+00:00
E27A2192/22D64AF0-2D9,StatementCapture/retrieve-transactions,E27A2192/22D64AF0-2D9/StatementCapture/retrieve-transactions_c4235213-759f-4b25-9685-8ac4a0877bd2_571b13c8.json,428743,2025-12-10T06:07:09+00:00
E27A2192/22D64AF0-2D9,StatementCapture/verify-credentials,E27A2192/22D64AF0-2D9/StatementCapture/verify-credentials_c4235213-759f-4b25-9685-8ac4a0877bd2_b3a6f94d.json,4676,2025-12-10T06:07:08+00:00
bsdc/ABF46296-EDF,statements,bsdc/ABF46296-EDF/statements/statement_data_20251211104009.json,26342,2025-12-11T10:40:11+00:00
bsdc/ABF46296-EDF,statements,bsdc/ABF46296-EDF/statements/statement_data_20251211110236.json,26342,2025-12-11T11:02:37+00:00
